Título,Autor,Editora,Páginas,Formato,Peso,Acabamento,Categoria,Edição,Preço
"Adoração - Prioridade, Princípios e Prática",John Charles Ryle,Editora Fiel,48,12.00 x 16.50 cm,53.00 g.,Brochura,"Doutrina, Devocional, Vida Cristã",2010,17.70
Adoração no Lar,Joel Beeke,Editora Fiel,96,12.00 x 16.00 cm,130.00 g.,Brochura,"Familia, Vida Cristã",2012,28.80
Amado Timóteo,Tom Ascol,Editora Fiel,320,14.00 x 21.00 cm,391.00 g.,Brochura,"Teologia, Ministério",2005,81.90
Antes de Partir: Encarando a morte com confiança em Deus,Nancy Guthrie,Editora Fiel,176,14.00 x 21.00 cm,205.00 g.,Brochura,"Aconselhamento, Vida Cristã",2013,51.40
O Antigo Evangelho: Um desafio para redescobrir o evangelho bíblico,J. I. PACKER,Editora FIEL,72,12.00 x 16.00 cm,73.00 g.,Brochura,Doutrina,2013,35.50
Apóstolos,Augustus Nicodemos Lopes,Editora FIEL,360,16.00 x 0.00 cm,523.00 g.,Brochura,"Teologia, Apologética",2014,99.50
Arte expositiva de João Calvino,Steven Lawson,Editora FIEL,144,14.00 x 21.00 cm,174.00 g.,Brochura,"Biografia, Pregação, História",2008,46.15
Ateísmo Remix,Albert Mohler,Editora Fiel,104,14.00 x 21.00 cm,135.00 g.,Brochura,"Apologética, Aconselhamento",2009,39.30
Bom Demais Para Ser Verdade,Michael Horton,Editora Fiel,220,16.00 x 23.00 cm,290.00 g.,Brochura,Vida Cristã,2013,73.10
A Breve Vida de Jonathan Edwards,George M. Marsden,Editora Fiel,216,14.00 x 21.00 cm,288.00 g.,Brochura,Biografia,2015,63.05
Caridade e Seus Frutos,Jonathan Edwards,Editora Fiel,412,16.00 x 23.00 cm,610.00 g.,Brochura,"Doutrina, Vida Cristã",2015,104.00
O Chamado ao Evangelho e a Verdadeira Conversão,Paul Washer,Editora Fiel,224,16.00 x 23.00 cm,338.00 g.,Brochura,"Doutrina, Vida Cristã",2014,67.55
Cinco Pontos,John Piper,Editora Fiel,128,16.00 x 21.00 cm,168.00 g.,Brochura,"Teologia, Doutrina",2014,32.80
Com Vergonha do Evangelho,John MacArthur,Editora Fiel,288,14.00 x 21.00 cm,336.00 g.,Brochura,"Doutrina, Apologética",2016,82.30
Comentário de 1 Coríntios - João Calvino,João Calvino,Editora Fiel,528,14.00 x 21.00 cm,632.00 g.,Brochura,Comentários,2013,88.90
Comentário de 2 Coríntios - João Calvino,João Calvino,Editora Fiel,336,14.00 x 21.00 cm,374.00 g.,Brochura,Comentários,2008,81.40
Comentário das Epístolas Gerais - João Calvino,  João Calvino,Editora Fiel,528,14.00 x 21.00 cm,574.00 g.,Brochura,Comentários,2015,106.80
Comentário do Evangelho Segundo João - Vol 1 - João Calvino,João Calvino,Editora Fiel,504,14.00 x 21.00 cm,517.00 g.,Brochura,Comentários,2015,92.30
Comentário do Evangelho Segundo João - Vol 2 - João Calvino,João Calvino,Editora Fiel,336,14.00 x 21.00 cm,370.00 g.,Brochura,Comentários,2015,79.40
Comentário Pastorais - João Calvino,João Calvino,Editora Fiel,384,14.00 x 21.00 cm,418.00 g.,Brochura,Comentários,2009,82.84
"Comentário de Gálatas, Efésios, Filipenses e Colossenses - João Calvino",João Calvino,Editora Fiel,592,14.00 x 21.00 cm,773.00 g.,Brochura,Comentários,2010,115.80
Comentário de Hebreus - João Calvino,João Calvino,Editora Fiel,456,14.00 x 21.00 cm,492.00 g.,Brochura,Comentários,2012,97.45
Comentário de Romanos - João Calvino,João Calvino,Editora Fiel,600,21.00 x 14.00 cm,645.00 g.,Brochura,Comentário,2014,90.90
Como Devo Viver Neste Mundo? | Série Questões Cruciais N° 05,R. C. Sproul,Editora Fiel,123,12.00 x 16.00 cm,112.00 g.,Brochura,Vida Cristã,2012,27.55
Como Posso Desenvolver Uma Consciência Cristã? | Série Questões Cruciais N° 14,R. C. Sproul,Editora Fiel,72,12.00 x 16.00 cm,67.00 g.,Brochura,Vida Cristã,2014,27.55
Como Tudo Começou,Adauto J. B. Lourenço,Editora Fiel,288,19.00 x 24.00 cm,626.00 g.,Brochura,Criacionismo,2007,251.50
Comunidade Cativante,Mark Dever e Jamie Dunlop,Editora Fiel,304,14.00 x 21.00 cm,340.00 g.,Brochura,"Igreja, Comunidades",2016,68.95
Conforto em Tempos de Enfermidade,P. B. Power,Editora Fiel,72,14.00 x 21.00 cm,97.00 g.,Brochura,Vida Cristã,1989,19.30
Conhecendo o Deus Trino,Tim Chester,Editora Fiel,192,14.00 x 21.00 cm,247.00 g.,Brochura,Doutrina,2016,58.00
O Credo dos Apóstolos: As doutrinas centrais da fé cristã,Franklin Ferreira,Editora Fiel,280,14.00 x 21.00 cm,314.00 g.,Brochura,Doutrina,2015,75.90
"Eu Creio: No Pai, no Filho e no Espirito Santo",Hermisten Maia,Editora Fiel,576,16.00 x 23.00 cm,762.00 g.,Brochura,"Teologia, Doutrina",2014,123.40
"Cristo Jesus, Homem",Bruce Ware,Editora Fiel,238,14.00 x 20.00 cm,276.00 g.,Brochura,Bibliografia,2013,78.30
Crucificando a Moralidade,R. W. Glenn,Editora Fiel,144,14.00 x 21.00 cm,176.00 g.,Brochura,"Ética Cristã, Vida Cristã",2014,56.20
A Cruz e o Ministério Cristão,D. A. Carson,Editora Fiel,176,14.00 x 21.00 cm,214.00 g.,Brochura,Ministério Pastoral,2009,48.50
A Decisão por Cristo: O que isso significa?,L. R. Shelton Jr.,Editora Fiel,140,11.00 x 18.00 cm,140.00 g.,Brochura,"Evangelização, Vida Cristã",2011,40.70
Deliberadamente Igreja: Edificando seu ministério sobre o Evangelho,Mark Dever,Editora Fiel,256,14.00 x 21.00 cm,277.00 g.,Brochura,Igreja,2008,47.10
A Depressão de Spurgeon,Zack Eswine,Editora Fiel,192,14.00 x 21.00 cm,248.00 g.,Brochura,Vida Cristã,2015,53.30
Deus Controla Tudo? | Série Questões Cruciais N° 13,R. C. Sproul,Editora Fiel,72,12.00 x 16.00 cm,62.00 g.,Brochura,Teologia,2013,27.50
Deus Deseja que Todos Sejam Salvos?,John Piper,Editora Fiel,96,12.00 x 16.00 cm,80.00 g.,Brochura,"Teologia, Doutrina",2014,39.90
Deus é Santo!,R. C. Sproul,Editora Fiel,120,12.00 x 16.00 cm,80.00 g.,Brochura,Teologia,2014,24.64
Deus é Soberano,A. W. Pink,Editora Fiel,190,14.00 x 21.00 cm,238.00 g.,Brochura,Doutrina,1997,57.79
Deus: Face a Face com Sua Majestade,John F. MacArthur Jr.,Editora Fiel,224,14.00 x 21.00 cm,290.00 g.,Brochura,Teologia,2013,66.86
Deus Não Está em Silêncio,R. Albert Mohler Jr.,Editora Fiel,184,14.00 x 21.00 cm,215.00 g.,Brochura,"Pregação, Homilética",2011,56.00
O Deus Presente: Encontrando Seu Lugar na História de Deus,D. A. Carson,Editora Fiel,320,16.00 x 23.00 cm,443.00 g.,Brochura,Doutrina,2012,80.90
A Devoção Trinitária de John Owen,Sinclair B. Ferguson,Editora Fiel,136,14.00 x 21.00 cm,184.00 g.,Brochura,"História da Igreja, Teologia, Biografia",2015,46.25
10 Acusações Contra a Igreja Moderna,Paul Washer,Editora Fiel,112,12.00 x 18.00 cm,100.00 g.,Brochura,"Igreja, Ministério, Vida Cristã",2011,33.80
Dicas para Pais: Princípios bíblicos para a família,Gardiner Spring e Comentários de Tedd Tripp,Editora Fiel,96,12.00 x 16.00 cm,82.00 g.,Brochura,Família,2012,29.34
A Difícil Missão de William Tyndale,Steven J. Lawson,Editora Fiel,160,14.00 x 21.00 cm,187.00 g.,Brochura,"Biografia, História",2015,46.15
O Encanto Poético de Isaac Watts,Douglas Bond,Editora Fiel,192,16.00 x 21.00 cm,222.00 g.,Brochura,Biografia,2014,45.25
Encontrando presbíteros e diáconos fiéis,Thabiti Anyabwile,Editora Fiel,240,14.00 x 21.00 cm,268.00 g.,Brochura,Igreja e Ministério Pastoral,2018,57.90
Enriquecendo-se com a Bíblia,A. W. Pink,Editora Fiel,200,10.50 x 18.00 cm,153.00 g.,Brochura,Vida Cristã,2011,46.90
Escândalo,D. A. Carson,Editora Fiel,184,14.00 x 21.00 cm,224.00 g.,Brochura,Teologia,2015,59.47
Escravo: A verdade escondida sobre nossa identidade em Cristo,John MacArthur,Editora Fiel,240,16.00 x 23.00 cm,350.00 g.,Brochura,"Doutrina, Vida Cristã",2015,77.50
Espiritualidade Reformada,Joel Beek,Editora Fiel,600,16.00 x 21.00 cm,850.00 g.,Brochura,"Vida Cristã, História da Igreja",2014,153.80
A Esposa do Pastor,Gloria Furman,Editora Fiel,160,14.00 x 0.00 cm,190.00 g.,Brochura,"Igreja, Ministério de Mulheres",2016,51.30
Esposa Excelente,Martha Peace,Editora Fiel,280,16.00 x 21.00 cm,318.00 g.,Brochura,Família,2008,69.32
Estes São os Últimos Dias? | Série Questões Cruciais N° 19,R. C. Sproul,Editora Fiel,80,12.00 x 16.00 cm,57.00 g.,Brochura,Doutrina,2015,15.90
Eu Sou Chamado?,Dave Harvey,Editora Fiel,224,14.00 x 21.00 cm,286.00 g.,Brochura,Ministério Pastoral,2013,61.05
Eu Sou Mesmo Um Cristão?,Mike McKinley,Editora Fiel,192,14.00 x 21.00 cm,217.00 g.,Brochura,Apologética,2012,57.60
O Evangelho e a Evangelização,Mark Dever,Editora Fiel,168,12.00 x 16.00 cm,100.00 g.,Brochura,Evangelização,2011,56.20
Evangelho Explícito,Matt Chandler com Jared Wilson,Editora Fiel,272,16.00 x 23.00 cm,380.00 g.,Brochura,"Doutrina, Bíblia",2013,81.20
O Evangelho no Trabalho: Servindo Cristo em sua profissão com um novo propósito,"Sebastian Traeger, Greg Gilbert",Editora Fiel,224,14.00 x 21.00 cm,270.00 g.,Brochura,Vida Cristã,2014,53.20
O Evangelho para a Vida Real,Jerry Bridges,Editora Fiel,248,14.00 x 21.00 cm,277.00 g.,Brochura,Evangelho,2016,71.34
O evangelho para muçulmanos,Thabiti Anyabwile,Editora Fiel,192,16.00 x 21.00 cm,230.00 g.,Brochura,Evangelização,2018,46.00
O Evangelho Segundo Jesus,John MacArthur,Editora Fiel,336,14.00 x 21.00 cm,380.00 g.,Brochura,"Doutrina, Apologética",2008,83.70
O Evangelho Segundo os Apóstolos,John MacArthur,Editora Fiel,344,14.00 x 21.00 cm,390.00 g.,Brochura,"Doutrina, Apologética",2011,67.10
Evangelismo,John MacArthur,Editora Fiel,320,16.00 x 23.00 cm,477.00 g.,Brochura,Evangelização,2012,78.95
Evangelização e Missões - Proclamando o Evangelho para a Alegria das Nações,John Piper,Editora Fiel,128,14.00 x 21.00 cm,169.00 g.,Brochura,Evangelização,2011,46.50
A Fé que Agrada a Deus,Sillas Campos,Editora Fiel,236,14.00 x 21.00 cm,280.00 g.,Brochura,"Vida Cristã, Fé",2015,55.50
Finalmente Vivos,John Piper,Editora Fiel,192,14.00 x 21.00 cm,228.00 g.,Brochura,Doutrina,2011,55.20
Firmes,John Piper e Justin Taylor,Editora Fiel,176,14.00 x 21.00 cm,231.00 g.,Brochura,Vida Cristã,2010,57.10
As Firmes Resoluções de Jonathan Edwards,Steven J. Lawson,Editora Fiel,176,14.00 x 21.00 cm,235.00 g.,Brochura,"Pregação e Homilética, Biografia",2010,46.40
O Foco Evangélico de Charles Spurgeon,Steve J. Lawson,Editora Fiel,144,14.00 x 21.00 cm,175.00 g.,Brochura,História da Igreja,2012,46.70
Fundamentos da Graça,Steven J. Lawson,Editora Fiel,816,16.00 x 23.00 cm,1115.00 g.,Brochura,"Comentário Bíblico, Teologia",2012,185.00
Gênesis 1 & 2,Adauto J. B. Lourenço,Editora Fiel,238,16.00 x 23.00 cm,360.00 g.,Brochura,Criacionismo,2011,89.00
A Glória da Graça de Deus,Franklin Ferreira,Editora Fiel,726,16.00 x 23.00 cm,985.00 g.,Brochura,"Teologia, Biografia",2012,158.10
Graça Abundante ao Principal dos Pecadores,John Bunyan,Editora Fiel,176,14.00 x 21.00 cm,200.00 g.,Brochura,Biografia,2012,41.90
A Graça do Arrependimento,Sinclair Ferguson,Editora Fiel,70,12.00 x 16.00 cm,35.00 g.,Brochura,"Doutrina, Vida Cristã",2014,29.10
A Guerra Pela Verdade,John MacArthur,Editora Fiel,264,14.00 x 21.00 cm,305.00 g.,Brochura,"Doutrina, Apologética",2008,80.65
A Heroica Ousadia de Martinho Lutero,Steve J. Lawson,Editora Fiel,144,14.00 x 21.00 cm,182.00 g.,Brochura,"História, Vida Cristã",2013,46.70
Homens Sábios - A Sabedoria dos Provérbios para Homens,John Crotts,Editora Fiel,164,14.00 x 21.00 cm,195.00 g.,Brochura,Família,2013,46.50
Humildade: Verdadeira Grandeza,C. J. Mahaney,Editora Fiel,130,14.00 x 21.00 cm,164.00 g.,Brochura,Vida Cristã,2011,54.75
A Igreja e a Surpreendente Ofensa do Amor de Deus,Jonathan Leeman,Editora Fiel,432,16.00 x 23.00 cm,617.00 g.,Brochura,Eclesiologia,2013,90.80
A Igreja e o Criacionismo,Adauto J. B. Lourenço,Editora Fiel,68,12.00 x 16.00 cm,61.00 g.,Brochura,Criacionismo,2011,30.00
Igreja Intencional: Edificando seu ministério sobre o evangelho,Mark Dever,Editora Fiel,264,16.00 x 23.00 cm,370.00 g.,Brochura,Igreja,2015,75.70
Igreja: o evangelho visível,Mark Dever,Editora Fiel,224,23.00 x 16.00 cm,345.00 g.,Brochura,Igreja,2015,61.05
Instruindo o Coração da Criança,Tedd Tripp,Editora Fiel,248,14.00 x 21.00 cm,298.00 g.,Brochura,Família,2009,69.90
"João Calvino: Amor à devoção, doutrina e glória de Deus",Burk Parsons,Editora Fiel,272,16.00 x 23.00 cm,395.00 g.,Brochura,Biografia,2010,69.00
Jonas - O Missionário Bem Sucedido que Fracassou,Stuart Olyott,Editora Fiel,80,12.00 x 16.00 cm,100.00 g.,Brochura,"Comentário, Vida Cristã",2012,25.20
Uma Jornada na Graça,Richard P. Belcher,Editora Fiel,232,14.00 x 21.00 cm,335.00 g.,Brochura,"Biografia, Doutrina",2013,65.30
A Justiça Eterna: Como o homem será justo diante de Deus?,Horatius Bonar,Editora Fiel,176,14.00 x 21.00 cm,226.00 g.,Brochura,Doutrina,2012,48.40
Justificação e Regeneração,Charles Leiter,Editora Fiel,224,14.00 x 21.00 cm,258.00 g.,Brochura,Doutrina,2016,61.80
Levando Deus a sério,Kevin DeYoung,Editora Fiel,152,14.00 x 21.00 cm,180.00 g.,Brochura,"Vida Cristã, Doutrina",2014,44.35
Lutando contra a incredulidade,John Piper,Editora Fiel,176,14.00 x 21.00 cm,230.00 g.,Brochura,Vida Cristã,2014,65.75
Luz Diária: A Tua Palavra é Luz para o meu caminho,Adaptado do original de Samuel Bagster,Editora Fiel,370,12.00 x 16.00 cm,285.00 g.,Brochura,Devocional,2016,43.45
A Luz do Mundo,R. C. Sproul,Editora Fiel,40,23.00 x 28.00 cm,410.00 g.,Capa Dura,Infantil,2014,104.70
Manuel: o índio diplomata,Hugh Stevens,Editora Fiel,113,10.50 x 18.00 cm,98.00 g.,Brochura,Biografia,1993,14.20
"Marcas de um evangelista: Conhecendo, amando e falando o Evangelho",Mack Stiles,Editora Fiel,152,14.00 x 21.00 cm,173.00 g.,Brochura,Evangelismo,2015,40.75
Meditações no Evangelho de João,John Charles Ryle,Editora Fiel,278,14.00 x 21.00 cm,302.00 g.,Brochura,"Doutrina, Devocional",2018,57.10
Meditações no Evangelho de Lucas,John Charles Ryle,Editora Fiel,406,14.00 x 21.00 cm,464.00 g.,Brochura,"Doutrina, Devocional",2018,57.10
Meditações no Evangelho de Marcos,John Charles Ryle,Editora Fiel,230,14.00 x 21.00 cm,257.00 g.,Brochura,"Doutrina, Devocional",2018,57.10
Meditações no Evangelho de Mateus,John Charles Ryle,Editora Fiel,270,16.00 x 21.00 cm,314.00 g.,Brochura,"Doutrina, Devocional",2018,57.10
Memórias de um pastor comum: A vida e ministério de Tom Carson,D. A. Carson,Editora Fiel,240,16.00 x 21.00 cm,278.00 g.,Brochura,Biografia,2013,63.85
"Meu Coração nas Mãos de Deus - A vida de Ann Judson, na Birmânia",Sharon James,Editora Fiel,240,14.00 x 21.00 cm,284.00 g.,Brochura,"Biografia, Vida Cristã",2000,46.50
Ministério de Mulheres: Amando e servindo a igreja por meio da Palavra,Gloria Furman e Kathleen Nielson,Editora Fiel,360,14.00 x 21.00 cm,383.00 g.,Brochura,"Ministério de Mulheres, Igreja",2016,80.50
Ministrando como o Mestre: Aprendendo com os métodos de Jesus,Stuart Olyott,Editora Fiel,72,14.00 x 21.00 cm,100.00 g.,Brochura,"Pregação e Homilética, Ministério",2005,32.40
Mulheres Fiéis e Seu Deus Maravilhoso: Histórias de cinco mulheres de fé,Noël Piper,Editora Fiel,208,14.00 x 21.00 cm,268.00 g.,Brochura,"Vida Cristã, Biografia",2010,61.40
Mulheres Sábias: A sabedoria dos provérbios para mulheres,Lydia Brownback,Editora Fiel,272,14.00 x 21.00 cm,338.00 g.,Brochura,Vida Cristã,2017,67.50
Não me Faça Contar até Três!: O olhar de uma mãe sobre a disciplina orientada para o coração,Ginger Plowman,Editora Fiel,198,14.00 x 21.00 cm,238.00 g.,Brochura,Vida Cristã,2013,64.90
Nascido Escravo,Martinho Lutero,Editora Fiel,104,14.00 x 21.00 cm,129.00 g.,Brochura,"Doutrina, Biografia",2007,41.10
Nossa Suficiência em Cristo: Três influências letais que minam a sua vida espiritual,John MacArthur,Editora Fiel,224,14.00 x 21.00 cm,281.00 g.,Brochura,"Apologética, Vida Cristã",2007,69.10
Nove Marcas de uma Igreja Saudável,Mark Dever,Editora Fiel,312,14.00 x 21.00 cm,357.00 g.,Brochura,"Ministério, Igreja",2007,76.04
As Crônicas de Olam - Volume 1,L. L. Wurlitzer,TOLK Publicações,544,16.00 x 23.00 cm,746.00 g.,Brochura,"Ficção, Literatura Fantástica",2014,105.10
A Oração Muda as Coisas?,R. C. Sproul,Editora Fiel,112,12.00 x 16.00 cm,98.00 g.,Brochura,"Doutrina, Teologia",2012,27.50
Ouro de Tolo?: Discernindo a verdade em uma época de erro,John MacArthur,Editora Fiel,224,14.00 x 21.00 cm,289.00 g.,Brochura,"Doutrina, Apologética",2006,79.40
Ouse Ser Firme: O livro de Daniel,Stuart Olyott,Editora Fiel,208,14.00 x 21.00 cm,272.00 g.,Brochura,Vida Cristã,2011,61.80
"Pais Fracos, Deus Forte: Criando filhos na graça de Deus","Elyse Fitzpatrick, Jessica Thompson",Editora Fiel,324,14.00 x 21.00 cm,393.00 g.,Brochura,"Vida Cristã, Família",2015,73.00
Uma Palavra aos Moços,John Charles Ryle,Editora Fiel,80,14.00 x 21.00 cm,112.00 g.,Brochura,"Jovens e Adolescentes, Vida Cristã",1994,25.90
Palavras de Amor: A doçura do amor e casamento nas cartas de cristãos,Michael Haykin,Editora Fiel,148,12.00 x 16.00 cm,110.00 g.,Brochura,Vida Cristã,2011,34.25
O Pastor Como Mestre e o Mestre Como Pastor,"D. A. Carson, John Piper",Editora Fiel,176,14.00 x 21.00 cm,190.00 g.,Brochura,Ministério,2011,57.35
O Pastor e o Aconselhamento,Jeremy Pierre e Deepak Reju,Editora Fiel,200,14.00 x 21.00 cm,235.00 g.,Brochura,"Aconselhamento, Ministério Pastoral",2015,51.30
Penetrado pela Palavra,John Piper,Editora Fiel,160,14.00 x 21.00 cm,219.00 g.,Brochura,Devocional,2005,52.10
Pense: A vida da mente e o amor de Deus,John Piper,Editora Fiel,224,14.00 x 21.00 cm,337.00 g.,Editora Fiel,1ª Edição,2011,78.95
O Peregrino - Comentado,John Bunyan,Editora Fiel,272,14.00 x 21.00 cm,300.00 g.,Brochura,Vida Cristã,2019,81.20
Perguntas Cruciais,John Blanchard,Editora Fiel,32,14.00 x 21.00 cm,60.00 g.,Brochura,Evangelização,1994,14.20
Pilares da Graça: Longa linha de vultos piedosos,Steven Lawson,Editora Fiel,688,16.00 x 23.00 cm,895.00 g.,Brochura,Bibliografia,2013,178.30
Plantar Igrejas é para os Fracos: Como Deus usa pessoas confusas para plantar igrejas comuns que fazem coisas extraordinárias,Mike McKinley,Editora Fiel,176,14.00 x 21.00 cm,207.00 g.,Brochura,Igreja,2013,59.92
Plena Satisfação em Deus: Deus glorificado e a alma satisfeita,John Piper,Editora Fiel,96,12.00 x 16.50 cm,97.00 g.,Brochura,Vida Cristã,2009,28.95
O Poder do Evangelho e Sua Mensagem: Recuperando o Evangelho,Paul Washer,Editora Fiel,304,16.00 x 23.00 cm,420.00 g.,Brochura,Pregação,2013,72.65
A Poderosa Fraqueza de John Knox,Douglas Bond,Editora Fiel,176,14.00 x 21.00 cm,193.00 g.,Brochura,"Vida Cristã, Biografia",2011,46.20
Posso Conhecer a Vontade de Deus? | Série Questões Cruciais N° 04,R. C. Sproul,Editora Fiel,128,12.00 x 16.00 cm,100.00 g.,Brochura,Doutrina,2013,27.77
Posso Crer Na Bíblia? | Série Questões Cruciais N° 02,R. C. Sproul,Editora Fiel,120,12.00 x 16.00 cm,100.00 g.,Brochura,Doutrina,2012,27.77
Posso Perder Minha Salvação? | Série Questões Cruciais N° 21,R. C. Sproul,Editora Fiel,72,12.00 x 16.00 cm,60.00 g.,Brochura,"Doutrina, Teologia",2017,27.77
Posso Saber se Sou Salvo? | Série Questões Cruciais N° 07,R. C. Sproul,Editora Fiel,94,1.00 x 1.00 cm,86.00 g.,Brochura,Doutrina,2013,27.77
Posso Ter Alegria em Minha Vida? | Série Questões Cruciais N° 11,R. C. Sproul,Editora Fiel,76,12.00 x 16.00 cm,55.00 g.,Brochura,Vida Cristã,2013,27.77
Pregação e Pregadores,David Martyn Lloyd-Jones,Editora Fiel,304,16.00 x 23.00 cm,480.00 g.,Brochura,"Ministério, Pregação e Homilética",2008,98.35
Pregação Pura e Simples,Stuart Olyott,Editora Fiel,160,14.00 x 21.00 cm,190.00 g.,Brochura,Pregação e Homilética,2008,49.95
Pregando para a Glória de Deus,Alistair Begg,Editora Fiel,72,12.00 x 16.00 cm,70.00 g.,Brochura,"Ministério, Pregação",2014,29.45
Pregando Toda a Bíblia Como Escritura Cristã,Graeme Goldsworthy,Editora Fiel,392,16.00 x 21.00 cm,572.00 g.,Brochura,Pregação,2013,87.15
O Príncipe e a Taça de Veneno,R. C. Sproul,Editora Fiel,40,23.00 x 28.00 cm,445.00 g.,Brochura,Infantil,2015,102.50
Qual a Missão da Igreja? Entendendo a Justiça Social e a Grande Comissão,Kevin DeYoung & Greg Gilbert,Editora Fiel,360,14.00 x 21.00 cm,404.00 g.,Brochura,"Missões, Ministério Cristão",2012,86.10
Qual é a Relação Entre Igreja e Estado? | Série Questões Cruciais N° 18,R. C. Sproul,Editora Fiel,64,12.00 x 16.00 cm,60.00 g.,Brochura,Vida Cristã,2014,17.25
"Quando Pecadores Dizem ""SIM""",Dave Harvey,Editora Fiel,176,14.00 x 21.00 cm,215.00 g.,Brochura,Família,2007,60.40
O que a Bíblia ensina sobre a homossexualidade?,Kevin DeYoung,Editora Fiel,200,14.00 x 21.00 cm,257.00 g.,Brochura,Vida Cristã,2015,67.10
O Que é a Ceia Do Senhor? | Série Questões Cruciais N° 15,R. C. Sproul,Editora Fiel,72,12.00 x 16.00 cm,62.00 g.,Brochura,Doutrina,2014,27.77
O Que é a Grande Comissão? | Série Questões Cruciais N° 20,R. C. Sproul,Editora Fiel,64,12.00 x 16.00 cm,55.00 g.,Brochura,"Doutrina, Teologia",2017,17.15
O Que é a Igreja? | Série Questões Cruciais N° 16,R. C. Sproul,Editora Fiel,80,12.00 x 16.00 cm,68.00 g.,Brochura,Igreja,2014,27.77
O Que é a Trindade? | Série Questões Cruciais N° 10,R. C. Sproul,Editora Fiel,70,12.00 x 16.00 cm,60.00 g.,Brochura,Doutrina,2013,27.77
O Que é Arrependimento? | Série Questões Cruciais N° 17,R. C. Sproul,Editora Fiel,48,12.00 x 16.00 cm,47.00 g.,Brochura,Teologia,2014,10.20
O que é Fé? | Série Questões Cruciais N° 08,R. C. Sproul,Editora Fiel,80,12.00 x 16.00 cm,66.00 g.,Brochura,Doutrina,2013,27.75
O que é o Evangelho?,Greg Gilbert,Editora Fiel,168,12.00 x 16.00 cm,140.00 g.,Brochura,"Vida Cristã, Jovens, Evangelização",2015,39.75
"O que é Teologia Bíblica?: Um guia para a história, o simbolismo e os modelos da Bíblia",James M. Hamilton Jr.,Editora Fiel,128,14.00 x 21.00 cm,170.00 g.,Brochura,"Doutrina, Teologia",2016,53.60
O que é um Membro de Igreja Saudável?,Thabiti Anyabwile,Editora Fiel,164,12.00 x 16.00 cm,122.00 g.,Brochura,Igreja e Doutrina,2019,38.40
O Que é uma Igreja Saudável?,Mark Dever,Editora Fiel,164,12.00 x 16.00 cm,122.00 g.,Brochura,Ministério,2015,35.25
O Que Estão Ensinando aos Nossos Filhos?: Uma avaliação crítica da pedagogia contemporânea apresentando a resposta da educação escolar cristã,Francisco Solano Portela Neto,Editora Fiel,304,16.00 x 23.00 cm,430.00 g.,Brochura,"Pedagogia, Educação Escolar Cristã",2012,92.30
O Que Posso Fazer Com Minha Culpa? | Série Questões Cruciais N° 09,R. C. Sproul,Editora Fiel,64,12.00 x 16.00 cm,55.00 g.,Brochura,Doutrina,2013,27.75
O Que Significa Ser Nascido de Novo? | Série Questões Cruciais N° 06,R. C. Sproul,Editora Fiel,96,12.00 x 16.00 cm,78.00 g.,Brochura,Vida Cristã,2013,27.55
Quem é Jesus Cristo?,Greg Gilbert,Editora Fiel,168,12.00 x 16.00 cm,130.00 g.,Brochura,"Evangelização, Doutrina",2015,34.60
Quem é Jesus? | Série Questões Cruciais N° 01,R. C. Sproul,Editora Fiel,128,12.00 x 16.00 cm,109.00 g.,Brochura,Teologia,2012,27.50
Quem é o Espírito Santo? | Série Questões Cruciais N° 12,R. C. Sproul,Editora Fiel,72,12.00 x 16.00 cm,60.00 g.,Brochura,Teologia,2013,27.50
A Rainha do Quarto Escuro,Christianha Tsai,Editora Fiel,160,14.00 x 21.00 cm,196.00 g.,Brochura,"Doutrina, Biografia",2005,36.40
Redescobrindo o Tesouro Perdido do Culto Familiar,Jerry Marcelino,Editora Fiel,64,12.00 x 16.00 cm,60.00 g.,Brochura,"Familia, Vida Cristã",2012,27.40
Redescobrindo os Pais da Igreja: Quem eles eram e como moldaram a Igreja,Michael A. G. Haykin,Editora Fiel,200,14.00 x 21.00 cm,230.00 g.,Brochura,"História da Igreja, Teologia histórica",2012,71.34
Refletindo a Glória de Deus: Elementos básicos da estrutura da igreja,Mark Dever,Editora Fiel,88,14.00 x 21.00 cm,111.00 g.,Brochura,"Igreja, Ministério",2008,28.00
Reflexões de Uma Mãe,Doris C. Aldrich,Editora Fiel,120,12.00 x 16.00 cm,95.00 g.,Brochura,"Família, Vida Cristã",2013,22.00
Reforma Agora: O antídoto para a confusão evangélica no Brasil,Renato Vargens,Editora Fiel,160,14.00 x 21.00 cm,220.00 g.,Brochura,"Igreja, Teologia",2013,50.15
Resgatando a Ambição,Dave Harvey,Editora Fiel,272,14.00 x 21.00 cm,381.00 g.,Brochura,Vida Cristã,2012,68.88
Sábia e Conselheira: Uma reflexão bíblica sobre o papel da mulher,Martha Peace,Editora Fiel,176,14.00 x 21.00 cm,207.00 g.,Brochura,Vida Cristã,2012,63.28
Comentário de Salmos - Vol 1 - João Calvino,João Calvino,Editora Fiel,729,14.00 x 21.00 cm,640.00 g.,Brochura,Comentário,2009,95.30
Comentário de Salmos - Vol 2 - João Calvino,João Calvino,Editora Fiel,679,14.00 x 21.00 cm,655.00 g.,Brochura,Comentários,2011,98.90
Comentário de Salmos - Vol 3 - João Calvino,João Calvino,Editora Fiel,744,14.00 x 21.00 cm,752.00 g.,Brochura,Comentário,2012,117.30
Comentário de Salmos - Vol 4 - João Calvino,João Calvino,Editora Fiel,608,14.00 x 21.00 cm,650.00 g.,Brochura,Comentário,2009,105.10
Samuca e Seu Pastor: Percebendo Jesus no Salmo 23,Susan Hunt,Editora Fiel,64,20.30 x 22.80 cm,205.00 g.,Brochura,Infantil,2013,75.78
Santidade,John Charles Ryle,Editora Fiel,416,16.00 x 23.00 cm,569.00 g.,Brochura,Doutrina,2009,100.60
Santos no Mundo: Os puritanos como realmente eram,Leland Ryken,Editora Fiel,384,16.00 x 23.00 cm,520.00 g.,Brochura,"Vida Cristã, História da Igreja",2013,91.70
Segurança e Advertências do Evangelho,Paul Washer,Editora Fiel,288,16.00 x 23.00 cm,405.00 g.,Brochura,"Doutrina, Vida Cristã",2015,71.17
Sem tempo para Deus: Intimidade com Cristo para mães atarefadas,Gloria Furman,Editora Fiel,168,14.00 x 21.00 cm,195.00 g.,Brochura,"ida Cristã, Família",2015,46.92
Servos de Deus: Espiritualidade e teologia na história da igreja,Franklin Ferreira,Editora Fiel,474,16.00 x 23.00 cm,645.00 g.,Brochura,História da Igreja,2014,99.90
Simplesmente Crente: Por uma vida cristã comum,Michael Horton,Editora Fiel,320,16.00 x 23.00 cm,435.00 g.,Brochura,Vida Cristã,2016,75.60
Sincero mas Errado: Qual o grande problema do homem?,D. Martyn Lloyd-Jones,Editora Fiel,128,12.00 x 16.00 cm,100.00 g.,Brochura,Evangelismo,2011,27.10
Super Ocupado: Um livro (misericordiosamente) pequeno sobre um problema (realmente) grande,Kevin DeYoung,Editora Fiel,144,14.00 x 21.00 cm,192.00 g.,Brochura,Vida Cristã,2014,54.76
O Tipo de Pregação que Deus Abençoa,Steven Lawson,Editora Fiel,136,14.00 x 21.00 cm,105.00 g.,Brochura,Pregação,2013,34.60
A Treliça e a Videira: A Mentalidade de Discipulado que Muda Tudo,Coling Marshall & Tony Payne,Editora Fiel,200,16.00 x 23.00 cm,303.00 g.,Brochura,Igreja e Ministério,2015,62.60
Triunfo da Fé: Lidando com o problema do mal - um estudo em Habacuque,Heber Carlos de Campos Jr.,Editora Fiel,160,14.00 x 21.00 cm,187.00 g.,Brochura," Comentário Bíblico, Vida Cristã",2012,51.40
Vencendo Medos e Ansiedades,Elyse Fitzpatrick,Editora Fiel,288,14.00 x 21.00 cm,320.00 g.,Brochura,Vida Cristã,2015,81.20
Vencendo o Mundo,Joel Beeke,Editora Fiel,216,14.00 x 21.00 cm,266.00 g.,Brochura,Vida Cristã,2008,64.95
A Verdade da Cruz,R. C. Sproul,Editora Fiel,152,12.00 x 16.00 cm,129.00 g.,Brochura,"Teologia, Doutrina",2011,44.70
A Verdade Permanece,John MacArthur,Editora Fiel,288,16.00 x 23.00 cm,410.00 g.,Brochura,Pregação,2012,78.30
O Verdadeiro Evangelho,Paul Washer,Editora Fiel,120,12.00 x 16.00 cm,112.00 g.,Brochura,"Doutrina, Exposição Bíblica",2012,33.90
Verdades que Transformam,D. James Kennedy,Editora Fiel,232,14.00 x 21.00 cm,250.00 g.,Brochura,Doutrina,2012,61.04
A Vida Cristã no Lar,Jay E. Adams,Editora Fiel,213,12.00 x 16.00 cm,174.00 g.,Brochura,"Família, Apologética",1988,40.76
Vislumbres da Graça:  Valorizando o evangelho na rotina do lar,Gloria Furman,Editora Fiel,256,14.00 x 21.00 cm,278.00 g.,Brochura,Vida Cristã,2016,72.46
Vivendo com Integridade: Um estudo no Salmo 15,Hermisten Maia,Editora Fiel,176,14.00 x 21.00 cm,206.00 g.,Brochura,Vida Cristã,2016,49.84
Vivendo para a Glória de Deus: Uma Introdução à Fé Reformada,Joel Beeke,Editora Fiel,416,14.00 x 21.00 cm,595.00 g.,Brochura,"Vida Cristã, Teologia",2016,111.40
O Zelo Evangelístico de George Whitefield,Steven J. Lawson,Editora Fiel,160,14.00 x 21.00 cm,235.00 g.,Brochura,"História, Vida Cristã",2014,46.20
Um Coração Inabalável: Experimentando o consolo de Deus nas tempestades da vidas,Elyse Fitzpatrick,Editora Fiel,168,14.00 x 21.00 cm,219.00 g.,Brochura,Vida Cristã,2016,50.60
Depressão e Graça,Wilson Porte Jr.,Editora Fiel,320,14.00 x 21.00 cm,406.00 g.,Brochura,Vida Cristã,2015,82.65
Entre os Gigantes de Deus,J. I. Packer,Editora Fiel,560,16.00 x 23.00 cm,828.00 g.,Brochura,História da Igreja,2016,123.80
Graça Extravagante,Barbara Duguid,Editora Fiel,328,14.00 x 21.00 cm,371.00 g.,Brochura,Vida Cristã,2016,75.90
Igreja em Lugares Difíceis: Como a igreja local traz vida ao pobre e necessitado,Mez McConnell e Mike McKinley,Editora Fiel,240,14.00 x 21.00 cm,275.00 g.,Brochura,"Missões, Evangelização",2016,55.35
Medos do coração: encontrando a paz que você anseia,Trillia J. Newbell,Editora Fiel,200,14.00 x 21.00 cm,262.00 g.,Brochura,Vida Cristã,2017,69.75
Perdido no Meio: A crise da meia-idade e a graça de Deus,Paul David Tripp,Editora Fiel,408,16.00 x 23.00 cm,555.00 g.,Brochura,Vida Cristã,2016,92.50
Por que confiar na Bíblia?,Greg Gilbert,Editora Fiel,192,12.00 x 16.00 cm,141.00 g.,Brochura,Bíblia,2017,42.30
A Pregação Apaixonada de Martyn Lloyd-Jones,Steven Lawson,Editora Fiel,168,14.00 x 21.00 cm,221.00 g.,Brochura,Biografia,2016,54.00
Pregue: Quando a Teologia encontra-se com a prática,Mark Dever & Greg Gilbert,Editora Fiel,288,14.00 x 21.00 cm,330.00 g.,Brochura,Pregação,2016,66.97
As Crônicas de Olam - Volume 2,L. L. Wurlitzer,TOLK Publicações,560,16.00 x 23.00 cm,760.00 g.,Brochura,"Ficção, Literatura Fantástica",2017,93.40
Feminilidade Radical,Carolyn McCulley,Editora Fiel,362,14.00 x 21.00 cm,450.00 g.,Brochura,"Mulheres, Feminismo, Mulheres Cristãs",2017,91.90
O Pastor Imperfeito: Descobrindo a alegria em nossas limitações através do aprendizado diário com Jesus,Zack Eswine,Editora Fiel,336,14.00 x 21.00 cm,372.00 g.,Brochura,Teologia Pastoral,2017,85.00
Eu Sou: Doutrina da Revelação Verbal (vol.1),Heber Carlos de Campos,Editora Fiel,432,16.00 x 23.00 cm,752.00 g.,Capa Dura,"Teologia, Doutrina",2017,126.40
A Lei da Bondade,Mary Beeke,Editora Fiel,240,14.00 x 21.00 cm,280.00 g.,Brochura,Vida Cristã,2011,61.35
BOX: Salmos 1 a 4 - João Calvino,João Calvino,Editora Fiel,2760,15.50 x 21.00 cm,2850.00 g.,Brochura,Comentário Bíblico,2009,499.80
Mulheres em Apuros: Soluções bíblicas para os problemas que as mulheres enfrentam,Martha Peace,Editora Fiel,191,14.00 x 21.00 cm,250.00 g.,Brochura,Família,2016,61.90
Inovações do Romanismo: Em ordem cronológica,Carlos Hastings Collette,,288,14.00 x 21.00 cm,339.00 g.,Brochura,"Apologética, Vida Cristã",2000,36.00
Somos todos teólogos: Uma introdução à Teologia Sistemática,R. C. Sproul,Editora Fiel,488,16.00 x 23.00 cm,804.00 g.,Capa Dura,Teologia,2017,171.20
Estudos no sermão do monte,D. Martyn Lloyd-Jones,Editora Fiel,880,16.00 x 23.00 cm,1348.00 g.,Capa Dura,Teologia,2017,196.30
Incomparável: 10 maneiras em que Deus é diferente de nós (e por que isso é algo bom),Jen Wilkin,Editora Fiel,204,14.00 x 21.00 cm,269.00 g.,Brochura,"Mulheres, Vida Cristã",2017,68.90
Por que a Reforma ainda é importante?,Michael Reeves e Tim Chester,Editora Fiel,256,16.00 x 23.00 cm,400.00 g.,Brochura,"História da Igreja, Reforma",2017,71.90
Lado a lado: Como amar aqueles que estão sofrendo,Dave Furman,Editora Fiel,232,14.00 x 21.00 cm,260 g.,Brochura,Vida Cristã,2017,58.95
40 questões para se interpretar a Bíblia,Robert L. Plummer,Editora Fiel,496,16.00 x 23.00 cm,710 g.,Brochura,"Bíblia, Hermenêutica",2017,104.80
"Do céu Cristo veio buscá-la: A expiação definida na perspectiva histórica, bíblica, teológica e pastoral",David Gibson e Jonathan Gibson,Editora Fiel,872,16.00 x 23.00 cm,1260 g.,Capa Dura,Igrejas reformadas,2017,206.40
"Além das 95 teses: A vida, o pensamento e o legado de Martinho Lutero",Stephen J. Nichols,Editora Fiel,304,16.00 x 23.00 cm,400 g.,Brochura,Biografia,2017,75.25
Você educa de acordo com o que adora: Educação tem tudo a ver com religião!,Filipe Fontes,Editora Fiel,48,12.00 x 16.00 cm,46.00 g.,Brochura,Educação Cristã,2017,21.05
A Vida de David Brainerd,Jonathan Edwards,Editora Fiel,328,16.00 x 23.00 cm,456.00 g.,Brochura,Biografia,2017,86.25
Vocábulo de Deus,J. I. Packer,Editora Fiel,328,14.00 x 21.00 cm,368 g.,Brochura,Teologia,2017,63.40
Box R. C. Sproul para Crianças,R. C. Sproul,Editora Fiel,176,23.00 x 28.00 cm,1650 g.,Capa Dura,Infantil,2017,274.70
O jumentinho que carregou um rei,R. C. Sproul,Editora Fiel,44,23.00 x 28.00 cm,453 g.,Capa Dura,Infantil,2017,107.50
Pastoreando o Coração da Criança,Tedd Tripp,Editora Fiel,228,14.00 x 21.00 cm,338.00 g.,Brochura,Família,2017,74.60
Catecismo Nova Cidade: A verdade de Deus para nossos corações e mentes - Devocional,W. A. CRISWELL,Editora Fiel,240,14.00 x 21.00 cm,350 g.,Brochura,"Vida Cristã, Devocional",2017,74.48
Eu Sou: Os Modos da Revelação Verbal - Volume 2,Heber Carlos de Campos,Editora Fiel,384,16.00 x 23.00 cm,665 g.,Capa Dura,Teologia,2017,126.40
O legado de Lutero,R. C. Sproul & Stephen J. Nichols,Editora Fiel,488,16.00 x 23.00 cm,668 g.,Brochura,Biografia,2017,108.10
8 Mulheres de Fé,Michael A. G. Haykin,Editora Fiel,209,14.00 x 21.00 cm,328.00 g.,Capa Dura,"Biografia, Mulheres",2017,87.92
As Crônicas de Olam - Volume 3,L. L. Wurlitzer,TOLK Publicações,516,16.00 x 23.00 cm,862.00 g.,Brochura,"Ficção, Literatura Fantástica",2017,102.80
Isso Muda Tudo: Como o Evangelho transforma a vida de garotos e garotas,Jaquelle Crowe,Editora Fiel,200,14.00 x 21.00 cm,310.00 g.,Capa Dura,Vida Cristã,2018,91.70
O Filho de Deus e a Nova Criação,Graeme Goldsworthy,Editora Fiel,152,14.00 x 21.00 cm,173 g.,Brochura,Teologia,2018,49.70
Encontro com a Palavra de Deus,D. A. Carson,Editora Fiel,112,14.00 x 21.00 cm,138 g.,Brochura,Vida Cristã,2018,39.31
Lutando Contra Satanás,Joel Beeke,Editora Fiel,192,14.00 x 21.00 cm,239 g.,Brochura,Vida Cristã,2018,56.60
Como acontece a santificação?,David Powlison,Editora Fiel,128,14.00 x 21.00 cm,159 g.,Brochura,"Santificação, Cristianismo, Crescimento espiritual",2018,48.70
Lendo a Bíblia de Modo Sobrenatural,John Piper,Editora Fiel,544,16.00 x 23.00 cm,845 g.,Capa Dura,"Doutrina, Teologia",2018,155.80
"Mulher, Cristã e Bem-sucedida",Carolyn McCulley,Editora Fiel,312,14.00 x 21.00 cm,363 g.,Brochura,"Mulheres cristãs, Vida religiosa, Mulheres cristãs, Emprego",2018,81.15
Institutas da Religião Cristã - Primeira edição de 1536,João Calvino,Editora Fiel,513,16.00 x 23.00 cm,806 g.,Capa Dura,"Igrejas reformadas, Doutrinas, Teologia dogmática",2018,158.70
Box 1: Série Aconselhamento (Nº 1 ao Nº 9),Vários,Editora Fiel,374,12.00 x 16.00 cm,497 g.,Brochura,Aconselhamento,2018,172.60
Box 2: Série Aconselhamento (Nº 10 ao Nº 18),Vários,Editora Fiel,337,12.00 x 16.00 cm,501 g.,Brochura,Aconselhamento,2018,172.50
Faça Mais e Melhor,Tim Challies,Editora Fiel,124,16 x 21 cm,160.00 g.,Brochura,Vida Cristã,2018,46.80
Da parte de Deus e na presença de Deus: Um guia para a pregação expositiva,Sugel Michelén,Editora Fiel,336,16.00 x 23.00 cm,465.00 g.,Brochura,Pregação,2018,93.40
Quando os problemas aparecem,Philip Ryken,Editora Fiel,176 páginas,14.00 x 21.00 cm,207.00 g.,Brochura,"Sofrimento, Ensino bíblico, Vida Cristã",2018,57.00
"Cante: Como o louvor transforma sua vida, sua família e sua igreja",Keith Getty & Kristyn Getty,Editora Fiel,176,14.00 x 21.00 cm,204 g.,Brochura,Vida Cristã,2018,51.29
O Evangelho para crianças - 2ª Edição,John B. Leuzarder,Editora Fiel,40,23.00 x 29.00 cm,474 g.,Capa Dura,Infantil / Teologia,2018,87.90
Tempo de confiança: Confiando em Deus em uma sociedade pós cristã,Stephen Nichols,Editora Fiel,168,14.00 x 21.00 cm,194 g.,Brochura,Vida Cristã,2018,47.60
Box 3: Série Aconselhamento (Nº 19 AO Nº 27),Vários,Editora Fiel,432,12.00 x 16.00 cm,498 g.,Brochura,Aconselhamento,2018,171.00
Entre pais e filhos: lutando com a transição para a vida adulta,Elyse Fitzpatrick e Jim Newheiser,Editora Fiel,280,14.00 x 21.00 cm,308.00 g.,Brochura,"Pais e filhos adultos, Relações familiares",2018,68.32
A Teologia Afetuosa de Richard Sibbes,Mark Dever,Editora Fiel,168,14.00 x 21.00 cm,201 g.,Brochura,"História, Vida Cristã",2018,45.90
O batismo do Espírito Santo - 2ª Edição,Errol Hulse,Editora Fiel,144,14.00 x 21.00 cm,176 g.,Brochura,"Vida cristã, Doutrina bíblica, Batismo no Espírito Santo, Doutrina bíblica, Experiência (Religião)",2018,45.55
Desejo e engano: o verdadeiro preço da nova tolerância sexual - 2ª Edição,Albert Mohler,Editora Fiel,144,14.00 x 21.00 cm,177 g.,Brochura,"Sexo, Aspectos religiosos, Cristianismo",2018,47.37
Eu Sou: Características da Revelação Verbal - Volume 3,Heber Carlos de Campos,Editora Fiel,408,16.50 x 23.80 cm,690 g.,Capa Dura,Teologia,2018,126.40
Romanos: Comentário Bíblico Fiel - 3ª Edição,John Murray,Editora Fiel,768,16.00 x 23.00 cm,1155 g.,Capa Dura,"Bíblia, Novo Testamento, Romanos, Comentários",2018,195.70
Uma glória peculiar: como a Bíblia se revela completamente verdadeira - 2ª Edição,John Piper,Editora Fiel,374,16.00 x 23.00 cm,581.00 g.,Capa Dura,"Bíblia, Evidências, Autoridade",2018,134.00
"Orando juntos: O privilégio de orar em nossos lares, comunidades e igrejas ",Megan Hill,Editora Fiel,232,14.00 x 21.00 cm,266.00 g.,,"Oração, Cristianismo, Vida Cristã",2018,55.50
O que Deus diz sobre as mulheres: Feminilidade x Feminismo,Kathleen Nielson,Editora Fiel,252,14.00 x 21.00 cm,280 g.,Brochura,"Vida Cristã, Mulheres",2018,64.85
Box: Meditações nos Evangelhos,J. C. Ryle,Editora Fiel,1680,16.00 x 23.00 cm,2350 g.,Brochura,Comentários Bíblicos,2019,409.40
Reset: vivendo no ritmo da graça em uma cultura estressada,David Murray,Editora Fiel,224,14.00 x 21.00 cm,260 g.,Brochura,"Homens cristãos, Vida religiosa, Burnout (Psicologia)",2019,53.55
Surpreendido por Deus: Dez verdades que podem transformar o mundo,John Piper,Editora Fiel,187,14.00 x 21.00 cm,230 g.,Brochura,Doutrina,2019,61.71
Exultação expositiva: a pregação cristã como adoração,John Piper,Editora Fiel,416,16.00 x 23.00 cm,660.00 g.,Capa Dura,"Jesus Cristo, Exaltação, Pregação, Adoração",2019,149.50
Sem medo da minha idade,Elyse Fitzpatrick,Editora Fiel,264,14.00 x 21.00 cm,300.00 g.,Brochura,"Mulheres cristãs, Vida religiosa, Mulheres de meia idade, Vida religiosa",2019,69.32
Deus é o evangelho: Um tratado sobre o amor de Deus como oferta de si mesmo,John Piper,Editora Fiel,208,14.00 x 21.00 cm,260.00 g.,Brochura,"Doutrina, Teologia",2019,59.36
Boas novas: o evangelho de Jesus Cristo,John MacArthur,Editora Fiel,160,14.00 x 21.00 cm,186 g.,Brochura,"Teologia, Doutrina, Missões",2019,55.60
Renovadas: 10 maneiras de refletir os atributos de Deus,Jen Wilkin,Editora Fiel,200,14.00 x 21.00 cm,226 g.,Brochura,"Vida Cristã, Família, Mulheres",2019,62.16
Aconselhando uns aos outros: Oito maneiras de cultivar relacionamentos saudáveis dentro da igreja,Edward T. Welch,Editora Fiel,80,14.00 x 21.00 cm,110.00 g.,Brochura,"Aconselhamento, Vida Cristã",2019,35.10
Homens de verdade: o chamado de Deus para masculinidade,Richard D. Phillips,Editora Fiel,228 páginas,14.00 x 21.00 cm,272 g.,Brochura,"Homens, Vida Cristã, Família e Relacionamento",2019,60.35
Refresh: Vivendo no ritmo da graça em um mundo acelerado,Shona & David Murray,Editora Fiel,216,14.00 x 21.00 cm,244 g.,Brochura,"Mulheres, Vida Cristã",2019,51.80
Experimentando mais de Deus,Tim Chester,Editora Fiel,224,14.00 x 21.00 cm,253 g.,Brochura,"Vida cristã, Deus, Amor, Doutrina bíblica",2019,53.53
O evangelho no centro: Renovando nossa fé e reformando nossa prática ministerial,D. A. Carson & Timothy Keller,Editora Fiel,424 páginas,16.00 x 23.00 cm,590.00 g.,Brochura,Igreja e Ministério Pastoral,2019,86.10
Pregação reformada: Proclamando a palavra de Deus do coração do pregador para o coração do povo de Deus,Joel Beeke,Editora Fiel,648 páginas,16.00 x 23.00 cm,1005 g.,Capa Dura,"Pregação, Doutrina, Teologia",2019,175.20
A graça de Deus no seu sofrimento,David Powlison,Editora Fiel,128,14.00 x 21.00 cm,158 g.,Brochura,Vida Cristã,2019,47.90
Fazendo novas todas as coisas: Restaurando a esperança para traumas sexuais,David Powlison,Editora Fiel,136,14.00 x 21.00 cm,164 g.,Brochura,"Vida Cristã, Aconselhamento",2019,49.55
Homens Fortes: Um guia básico para a liderança familiar,John Crotts,Editora Fiel,72,12.00 x 16.00 cm,69.00 g.,Brochura,"Família, Relacionamentos",2019,32.15
Projeto videira: Cultivando uma cultura de discipulado,Colin Marshall e Tony Paine,Editora Fiel,392,16.00 x 23.00 cm,565 g.,Brochura,"Igreja, Discipulado e Ministério Pastoral",2019,98.35
Amando a Deus no mundo: Por uma cosmovisão reformada,Heber Campos Jr.,Editora Fiel,714,16.00 x 23.00 cm,1136 g.,Capa Dura,"Vida Cristã, Teologia",2019,189.50
O custo do discipulado: A doutrina da imitação de Cristo,Jonas Madureira,Editora Fiel,104,14.00 x 21.00 cm,162 g.,Brochura,"Discipulado, Doutrina Bíblica, Vida Cristã",2019,45.85
A Regra do amor: Como a igreja local deve refletir o amor e a autoridade de Deus,Jonathan Leeman,Editora Fiel,224 páginas,14.00 x 21.00 cm,269 g.,Brochura,"Doutrina, Teologia, Igreja",2019,57.60
Deus fez tudo em mim: Um livro para ajudar as crianças a protegerem seus corpos,Justin S. Holcomb e Lindsey A. Holcomb,Editora Fiel,32,23.50 x 24.76 cm,130 g.,Brochura,"Família, Crianças, Infantil",2019,45.00
Bíblia NAA - Capa Leão - Nova Almeida Atualizada - Letra: Comum,,,952 páginas,14.00 x 21.50 cm,466.00 g.,Capa Dura,Bíblias,2019,66.40
Bíblia NAA - Capa Montanha - Nova Almeida Atualizada - Letra: Comum,,,952 páginas,14.00 x 21.50 cm,466.00 g.,Capa Dura,Bíblias,2018,66.40
Deus nos fez assim: Celebrando o design de Deus para a diversidade étnica,Shai Linne,Editora Fiel,32 páginas,23.10 x 23.10 cm,128 g.,Brochura,Infantil,2019,45.00
Entendendo a autoridade da congregação,Jonathan Leeman,Editora Fiel,122 páginas,14.00 x 21.00 cm,160 g.,Brochura,Teologia,2020,43.35
Entendendo a ceia do Senhor,Bobby Jamieson,Editora Fiel,107 páginas,14.00 x 21.00 cm,142 g.,Brochura,Teologia,2020,43.35
Entendendo a grande comissão,Mark Dever,Editora Fiel,94 páginas,14.00 x 21.00 cm,142 g.,Brochura,Teologia,2020,43.34
Entendendo a liderança da igreja,Mark Dever,Editora Fiel,113 páginas,14.00 x 21.00 cm,159 g.,Brochura,Teologia,2020,43.35
Entendendo o batismo,Bobby Jamieson,Editora Fiel,122 páginas,14.00 x 21.00 cm,157 g.,Brochura,Teologia,2020,43.35
Entendendo a disciplina na igreja,Jonathan Leeman,Editora Fiel,123 páginas,14.00 x 21.00 cm,159 g.,Brochura,Teologia,2020,43.35
Eu Sou: A falsificação da revelação verbal no ensino do Antigo Testamento - Volume 4,Heber Carlos de Campos,Editora Fiel,335 páginas,16.00 x 23.00 cm,603g.,Capa Dura,Teologia,2020,126.40
Masculinidade em crise e seus efeitos na igreja,Renato Vargens,Editora Fiel,136 páginas,14.00 x 21.00 cm,157 g.,Brochura,"Teologia cristã, Homens cristãos, Cristianismo.",2020,41.30
Box 4: Série Aconselhamento (Nº 28 ao Nº 37),Vários,Editora Fiel,480,12.00 x 16.00 cm,541 g.,Brochura,Aconselhamento,2020,200.00
Discipulando com a Bíblia: um manual para ler a Escritura juntos,David Helm,Editora Fiel,168 p.,14.00 x 21.00 cm,200 g.,Brochura,Discipulado,2020,46.48
O sofrimento nunca é em vão,Elisabeth Elliot,Editora Fiel,132 páginas,14.00 x 21.00 cm,162 g.,Brochura,"Vida Cristã, Mulheres, Sofrimento",2020,42.40
Coronavírus e Cristo,John Piper,Editora Fiel,104 páginas,14.00 x 21.00 cm,122 g.,Brochura,"Vida Cristã, Sofrimento, Evangelização",2020,36.00
A guerra dos espetáculos: o cristão na era da mídia,Tony Reinke,Editora Fiel,192 páginas,14.00 x 21.00 cm,218g.,Brochura,Vida Cristã,2020,53.65
"Garota gay, bom Deus: a história de quem eu era e de quem Deus sempre foi",Jackie Hill Perry,Editora Fiel,224 páginas,14.00 x 21.00 cm,255 g.,Brochura,"Vida Cristã, Biografia, Homossexualidade",2020,57.35
Com toda pureza: livres da pornografia e da masturbação,Tim Chester,Editora Fiel,224,14.00 x 21.00 cm,251 g.,Brochura,"Pornografia, Vida Cristã, Sexualidade",2020,54.90
Teologia bíblica na prática: um guia para a vida da igreja,Michael Lawrence,Editora Fiel,304 páginas,16.00 x 23.00 cm,425 g.,,"Bíblia, Teologia, Metodologia, Teologia pastoral",2020,68.10
Ainda melhor que o Éden: Nove maneiras através das quais a história da Bíblia muda tudo sobre a sua história,Nancy Guthrie,Editora Fiel,325,14.00 x 21.00 cm,354 g.,Brochura,"Jesus Cristo, Reino, Bíblia, Teologia. Reino de Deus, Escatologia, Céu, Cristianismo",2020,64.50
Ainda não casei: O plano de Deus para solteiros e namorados,Marshall Segal,Editora Fiel,288,14.00 x 21.00 cm,314 g.,Brochura,"Namoro, Vida Cristão, Família e Relacionamentos",2021,60.90
Com devoção: As cartas pessoais e a história de amor de Jim e Elisabeth Elliot,Valerie Elliot Shepard,Editora Fiel,432,16.00 x 23.00 cm,588 g.,Brochura,"Vida Cristã, Mulheres e Ministério",2021,99.80
Ministério do pastor: Prioridades bíblicas para pastores fiéis,Brian Croft,Editora Fiel,272,14.00 x 21.00 cm,308 g.,Brochura,Igreja e Ministério,2021,64.70
Deixe-me ser mulher: Lições à minha filha sobre o significado de feminilidade,Elisabeth Elliot,Editora Fiel,256 páginas,14.00 x 21.00 cm,284 g.,Brochura,Mulheres,2021,60.15
Brecha em Nossa Santidade,Kevin DeYoung,Editora Fiel,200 páginas,14.00 x 21.00 cm,226 g.,Brochura,Vida Cristã,2021,55.55
Deus: Ele Existe? | Revista para EBD e Pequenos Grupos - Série Novos Convertidos,Mez McConnel,Editora Fiel,88 páginas,15.50 x 22.50 cm,162 g.,Brochura,EBD e Pequenos Grupos,2021,14.00
Guerra: Por que a vida ficou mais difícil? - Revista para EBD e Pequenos Grupos,Mez McConnel,Editora Fiel,108 páginas,15.50 x 22.50 cm,194 g.,Brochura,EBD e Pequenos Grupos,2021,13.90
O esconderijo de Zoe: Quando você estiver ansioso,David Powlison,Editora Fiel,32 páginas,21.60 x 21.60 cm,138 g.,Brochura ,Infantil,2021,37.90
A tristeza de vocês se transformará em alegria,"John Piper, Marshall Segal, Tony Reinke, David Mathis",Editora Fiel,120 páginas,,,,"Vida Cristã, Devocionais",,17.00
Eleição,Charles Haddon Spurgeon,Editora Fiel,64,12.00 x 16.00 cm,50.00 g.,Brochura,"Doutrina, Teologia, Eleição",2011,24.19
Ester na casa da Pérsia: e a vida cristã no exílio secular,Emilio Garofalo Neto,Editora Fiel,200,14.00 x 21.00 cm,222 g.,Brochura,"Vida Cristã, Comentário Bíblico",2021,63.95
"Mulher (a)típica: livre, plena e chamada em Cristo",Abigail Dodds,Editora Fiel,208,14.00 x 21.00 cm,236 g.,Brochura,"Mulheres cristãs, Vida Cristã",2021,62.05
No mundo das consoantes,Sabrina Sukerth Gardner,Família de Trigo,286 páginas,A4 (210 x 297 mm),900.00 g.,Espiral,"Pré-alfabetização, Educação infantil",2021,137.70
No mundo das vogais,Sabrina Sukerth Gardner,Família de Trigo,116 páginas,A4 (210 x 297 mm),430.00 g.,Espiral,"Pré-alfabetização, Educação infantil",2021,92.90
Box 5: Série Aconselhamento (Nº 38 ao Nº 47),Vários,Editora Fiel,480,12.00 x 16.00 cm,,Brochura,Aconselhamento,2021,198.20
Mulheres da Palavra: Como estudar a Bíblia com nossa mente e coração,Jen Wilkin,Editora Fiel,200,14.00 x 21.00 cm,226.00 g.,Brochura,"Vida Cristã, Mulher",2021,62.05
Conduzindo pequenos grupos,Colin Marshall,Editora Fiel,264,16.00 x 23.00 cm,366.00 g.,Brochura,"Discipulado, Igreja",2021,77.85
BÍBLIA DE ESTUDO DA FÉ REFORMADA | CAPA DURA C/ CAIXA,R. C. Sproul,Ministério Ligonier e Editora Fiel,2552,18.20 x 24.20 cm,1880 g,Capa dura bordô,"Bíblias, Bíblia de Estudo",2021,304.30
BÍBLIA DE ESTUDO DA FÉ REFORMADA | COURO PRETO,R. C. Sproul,Ministério Ligonier e Editora Fiel,2552,18.20 x 24.20 cm,1820 g,Capa: Couro preto,"Bíblias, Bíblia de Estudo",2021,579.00
BÍBLIA DE ESTUDO DA FÉ REFORMADA | PU AZUL,R. C. Sproul,Ministério Ligonier e Editora Fiel,2552,18.20 x 24.20 cm,1800 g,Capa Luxo (PU) - Azul marinho,"Bíblias, Bíblia de Estudo",2021,365.90
BÍBLIA DE ESTUDO DA FÉ REFORMADA | PU MARROM,R. C. Sproul,Ministério Ligonier e Editora Fiel,2552,18.20 x 24.20 cm,1813 g,Capa Luxo (PU) - Marrom,"Bíblias, Bíblia de Estudo",2021,365.90
BÍBLIA DE ESTUDO DA FÉ REFORMADA | PU PRETO,R. C. Sproul,Ministério Ligonier e Editora Fiel,2552,18.20 x 24.20 cm,1813 g,Capa Luxo (PU) - Preto,"Bíblias, Bíblia de Estudo",2021,365.90
BÍBLIA DE ESTUDO DA FÉ REFORMADA | PU VINHO,R. C. Sproul,Ministério Ligonier e Editora Fiel,2552,18.20 x 24.20 cm,1820 g,Capa Luxo (PU) - Vinho,"Bíblias, Bíblia de Estudo",2021,365.90
Vozes: Em quem confiar - Revista para EBD e Pequenos Grupos,Mez McConnel,Editora Fiel,104 páginas,15.50 x 22.50 cm,166.00 g.,Brochura,EBD e Pequenos Grupos,2021,14.00
A família do pastor: Pastoreando sua família em meio aos desafios do ministério pastoral,Brian & Cara Croft,Editora Fiel,248,14.00 x 21.00 cm,284 g.,Brochura,"Ministério Pastoral, Vida Cristã",2021,62.50
Paixão e pureza: aprendendo a deixar sua vida amorosa sob o controle de Cristo,Elizabeth Elliot,Editora Fiel,256,14.00 x 21.00 cm,282 g.,Brochura,"Mulheres, Vida Cristã",2021,53.98
Batalha espiritual: firmeza contra os ataques do inimigo,David Powlison,Editora Fiel,136,14.00 x 21.00 cm,156 g.,Brochura,Vida Cristã,2021,48.70
Deus me fez especial: ajudando crianças a verem o valor de cada pessoa,"Chonda Ralston,  Joni Eareckson Tada & Trish Mahoney",Editora Fiel,32 p.,21.60 x 21.60 cm,135 g.,Brochura,Infantil,2021,45.00
Que eu diminua: Encontrando alegria duradoura na era do eu,Jen Oshman,Editora Fiel,192,14.00 x 21.00 cm,216.00 g.,Brochura,"Mulheres, Vida Cristã",2021,51.63
Santidade, John Webster,Editora Fiel,144 p.,14.00 x 21.00 cm,172.00 g.,Brochura,"Vida Cristã, Teologia, Santidade",2021,43.45
Igreja é essencial: Redescobrindo a importância do corpo de Cristo,Collin Hansen & Jonathan Leeman,Editora Fiel,176,14.00 x 21.00 cm,204.00 g.,Brochura,Igreja,2021,45.90
Boas-novas de grande alegria: 25 devocionais para o Natal,John Piper,Editora Fiel,144,14.00 x 21.00 cm,162.00 g.,Brochura,"Devocional, Natal",2021,46.80
Deus fez meninos e meninas: Ajudando as crianças a entenderem o dom do gênero,Marty Machowski,Editora Fiel,32 páginas,21.60 x 21.60 cm,133 g.,Brochura,Infantil,2021,45.00
Henrique diz adeus: Quando você estiver triste,Edward T. Welch,Editora Fiel,32 páginas,21.60 x 21.60 cm,133 g.,Brochura,Infantil,2021,37.90
Laura sai do casco: Quando você estiver sozinho,Jayne V. Clark,Editora Fiel,32 páginas,21.60 x 21.60 cm,134 g.,Brochura,Infantil,2021,37.90
Vivendo em união com cristo: O evangelho de Paulo e a identidade moral cristã,Grant Macaskill,Editora Fiel,264,14.00 x 21.00 cm,292.00 g.,Brochura,Teologia,2021,70.45
Deus me criou - vou proteger meu corpo,Andrea Espírito Santo,Editora Cristã Evangélica,,15.5 x 22.5 cm,49 g.,Brochura,Infantil,2021,39.76
Esperança na solidão: encontrando Deus no deserto,Elisabeth Elliot,Editora Fiel,216 páginas,14.00 x 21.00 cm,242.00 g.,Brochura,"Mulheres, Vida Cristã",2022,53.20
O temor do Senhor: experimente a alegria de conhecer a Deus,Michael Reeves,Editora Fiel,216 páginas,14.00 x 21.00 cm,242 g.,Brochura,Vida Cristã,2022,61.50
Tomando Decisões Segundo a vontade de Deus,Heber Campos Jr.,Editora Fiel,160 páginas,14.00 x 21.00 cm,191g.,Brochura,Vida Cristã,2022,42.20
Uma vida de obediência: 7 disciplinas para a vida do cristão,Elisabeth Elliot,Editora Fiel,208 páginas,14.00 x 21.00 cm,233 g.,Brochura,"Mulheres, Vida Cristã",2022,49.30
"Igreja regenerada: Uma eclesiologia bíblica, histórica e contemporânea",David Allen Bledsoe,Editora Fiel,528 páginas,16.00 x 23.00 cm,875.00 g.,Capa Dura,"Igreja, Doutrina bíblica",2022,126.40
Batismo: A porta de entrada na membresia da igreja,Bobby Jamieson,Editora Fiel,396 páginas,14.00 x 21.00 cm,428g,Brochura,Teologia,2022,86.25
"Box: Fortalecendo o seu casamento do ""Sim"" ao ""Para Sempre""",Dave Harvey,Editora Fiel,864,14.00 x 21.00 cm,1288 g,,Família e Relacionamento,2022,355.00
O duelo científico do século (Darwin vs. Behe): Darwin pela Evolução contra Michael Behe pelo Design Inteligente,Marcos Eberlin,,105 páginas,30.00 x 22.00 cm,420.00 g.,Brochura,"Ciência, Biologia, Teologia, Filosofia",2021,72.80
Organize suas emoções,J. Alasdair Groves e Winston T. Smith,Editora Fiel,304 páginas,14.00 x 21.00 cm,330.00 g.,Brochura,Vida Cristã,2022,81.20
"Deus, tecnologia e a vida cristã",Tony Reinke,Editora Fiel,360 páginas,16.00 x 23.00 cm,606.00 g.,Capa Dura,"Vida Cristã, Cosmovisão",2022,131.60
A esperança do céu: um resgate da visão beatífica,Michael Allen,Editora Fiel,194 páginas,14.00 x 21.00 cm,222.00 g.,Brochura,Teologia,2022,65.75
Outro Evangelho? - Uma resposta ao cristianismo progressista,Alisa Childers,Editora Fiel,272 páginas,16.00 x 23.00 cm,379.00 g.,Brochura,Vida Cristã,2022,83.45
Box 6: Série Aconselhamentos (Nº 48 ao Nº 57),Vários,Editora Fiel,480,12.00 x 16.00 cm,553.00 g.,Brochura,Aconselhamento,2022,200.00
Eu Sou: A Falsificação da Revelação Verbal no Ensino do Novo Testamento - Volume 5,Heber Carlos de Campos,Editora Fiel,432 páginas,16.00 x 23.00 cm,725.00 g.,Capa Dura,Teologia,2022,126.40
Hábitos Espirituais,David Mathis,Editora Fiel,264 páginas,14.00 x 21.00 cm,293.00 g.,Brochura,Vida Cristã,2022,68.10
Diego tenta escapar: Quando você estiver estressado,David Powlison,Editora Fiel,32 páginas,21.60 x 21.60 cm,140.00 g.,Brochura,Infantil,2022,37.90
João treme a cauda: Quando você estiver irado,David Powlison,Editora Fiel,32 páginas,21.60 x 21.60 cm,140.00 g.,Brochura,Infantil,2022,37.90
Desmascarando o Abuso: Um guia bíblico para ajudar as vítimas,Darby A. Strickland,Editora Fiel,448 páginas,16.00 x 23.00 cm,588.00 g.,Brochura,Aconselhamento Bíblico,2022,108.00
R.C. Sproul: a biografia,Stephen J. Nichols,Editora Fiel,448 páginas,16.00 x 23.00 cm,800.00 g.,Capa Dura,Biografia,2022,113.60
Sacerdócio Real,Edward T. Welch,Editora Fiel,256 páginas,14.00 x 21.00 cm,300.00 g.,Brochura,Devocional,2022,59.92
Providência,John Piper,Editora Fiel,864 páginas,16.00 x 23.00 cm,1224.00 g.,Capa Dura,Teologia,2022,209.80
O Rei Crucificado - Vitória por Meio do Sacrifício,Jeremy R. Treat,Editora Fiel,496 páginas,16.00 x 23.00 cm,654.00 g.,Brochura,Teologia,2022,118.70
Aninha Conta Mentiras - Quando é Difícil Falar a Verdade,Edward T. Welch,Editora Fiel,32 páginas,21.60 x 21.60 cm,135.00 g.,Brochura,Infantil,2022,37.90
Caio Estraga a Festa - Quando Você Sentir Inveja,Edward T. Welch,Editora Fiel,32 páginas,21.60 x 21.60 cm,135.00 g.,Brochura,Infantil,2022,37.90
Diego Tropeça nas Orelhas - Quando Você Fracassa,Edward T. Welch,Editora Fiel,32 páginas,21.60 x 21.60 cm,135.00 g.,Brochura,Infantil,2022,37.90
Gustavo Perde o Controle - Quando Você Desejar Demais Alguma Coisa,David Powlison,Editora Fiel,32 páginas,21.60 x 21.60 cm,135.00 g.,Brochura,Infantil,2022,37.90
Sofia Toma uma Atitude - Quando Você Tiver Medo de ser Excluído,Paul Tripp,Editora Fiel,32 páginas,21.60 x 21.60 cm,135.00 g.,Brochura,Infantil,2022,37.90
Como Meus Pais Nutriram a Minha Fé,Elisabeth Elliot,Editora Fiel,304 páginas,16.00 x 23.00 cm,655.00 g.,Brochura,Família e Relacionamentos,2022,70.40
Humanidade em crise: o fardo de pertencer a si mesmo,Alan Noble,Editora Fiel,336 páginas,16.00 x 23.00 cm,465.00 g.,Brochura,Teologia,2023,80.50
Ministério infantil: Fundamento e prática,Deepak Reju & Marty Machowski,Editora Fiel,232 páginas,16.00 x 23.00 cm,350.00 g.,Brochura,"Igreja, Ministério Infantil",2023,64.85
